"Timestamp","Age","Gender","Which of the following best describes the area you live in? ","What is your current professional status?","How do you usually commute?","How often (and why?) do you use automated services provided by machines, like an automatic car wash, automatic vacuum cleaner, Google Home?","When driving your car, would you feel safe ""only"" when you drive, and why?","How autonomous technology will affect you?","To what extend are we ready to give up our driving habits? What would be the reason behind that?","Robots aren't taking our jobs, but they are transforming the way we work in our lives"" - what do you think about it? Do you have different opinion?"
"2020/09/26 2:50:07 am GMT","25-34","Female","City/town","Employed full-time","Public transport (train, ferry, bus, subway)","Quite often","I’m not a driver","Make my life easier","I’m not a driver","Totally agree"
"2020/09/26 2:54:12 am GMT","25-34","Female","City/town","Unemployed","My own car","I rarely use automated services, however I do use ""OK Google"" on daily basis.","I feel safier when I am the driver, however there are few other people that I feel safe when they driving my car.","I believe it may ease my life. Having something that can replace some of my duties seems like a dream (driving me home after party, cleaning my apartment, heating my room in winter before I get home from work)","If someone makes our driving/commuting faster and safer then I think we can easily adjust.","I totally agree."
"2020/09/26 2:54:25 am GMT","35-44","Female","City/town","sole trader","Bicycle","Only when shopping - self-checkout","I don't own a car","I will be able to travel to destinations that aren't accessible by public transport","Judging by how negative Australian drivers are towards developing infrastructure for alternative modes of transportation (bike lanes, bus lanes), I imagine that there is a strong cultural bias to overcome.","I don't consider the development of technology as a threat. What we should be focusing on is the implementation and legal framework around it."
"2020/09/26 3:07:04 am GMT","25-34","Male","City/town","Employed full-time","My own car","Regularly in the home. ","Yes. I prefer to be in control. A car can cause heavy damage to people and property if not used appropriately. I would ask; Who is responsible for an accident if the driver was not in control?","Autonomous technology generally helps me do things hands-off with the use of voice controlled services like Amazon Alexa. It’s helpful in the kitchen to control cooking timers as well as making shopping lists. I also like to control my home lighting in this way as well as other electrical appliances. ","I think most people are not yet ready to completely give up their driving habits. Like myself I think there is a majority of the population that would not feel completely comfortable with a self-driving car. ","The robots still need engineers to program them. Therefore, technically-skilled occupations should he highly sought after. "
"2020/09/26 3:36:07 am GMT","25-34","Male","City/town","Employed full-time","Public transport (train, ferry, bus, subway)","I don't use this type of services at the moment. ","No not really. Looking at the data most of the accidents are caused by human errors. I'd feel safe in car that's using AI for autonomous driving. ","I believe that in general autonomous tech will improve quality of my life.  ","I believe that the biggest issue is psychological barrier- people will not be willing to give up the responsibility for driving, however it should change over time. ","I believe this statement is true to the certain degree- robots/high tech leads to better efficiency and can simplify different processes in work in certain industries. It'll also create new opportunities and jobs in the future.  
 On the other hand, robots definitely will replace people in simple, repetetive tasks. "
"2020/09/26 3:47:40 am GMT","35-44","Male","Suburbs","Employed full-time","My own car","Daily. I use Automated services at work and at home for time saving, accuracy and convenience. ","Yes, safe only when I drive. This is due to other Human capabilities, weather and mechanical failures that can often exist. ","Positively","Once a higher standard of hazard recognition and autonomous reliability is available, I believe that human interaction should be mandatory in vehicles. ","I believe autonomous technology is very benificial, human interaction will still need to be present so not all jobs would be affected. Though it is incapable of designing and advancing the next step in human evolution , it would free up the “labour” requirements. "
"2020/09/26 4:22:25 am GMT","25-34","Male","Countryside","Unemployed","My own car","I do not use them","I always feel safe even if I'm not the person who's driving. I trust my driver.","I could drink and drive. Thank you technology for promoting my alcoholism.","I would like to still have an option to switch to manual control of my car beside autopilot. I sometimes enjoy driving and don't want to give it up entirely.","I disagree. In some cases robots do take our jobs if, for example, instead of hundred workers in the factory there are only 20 for control and maintenance."
"2020/09/26 5:17:24 am GMT","35-44","Male","City/town","Employed full-time","Public transport (train, ferry, bus, subway)","Never","N a","N a","N a","Yes slowly "
"2020/09/26 5:23:29 am GMT","25-34","Female","City/town","Employed full-time","Public transport (train, ferry, bus, subway)","Wrong structure question, one question at the time","Wrong structured question for survey ","What answer do you expect to receive? ","We can give up completely if the technology would be tested and reliable ","They are helpful"
"2020/09/26 5:25:29 am GMT","35-44","Male","City/town","Employed full-time","My own car","Often. It makes life easier and to do tast much faster","I would feel safe if i know the driver has good experience in driving. I feel safe driving myself. ","It will make my life comfortable","If there is a faster, cheaper and safer way of transport","Robots would make our lives easier"
"2020/09/26 5:43:25 am GMT","18-24","Female","City/town","Student","My own car","Very rarely ","No, I feel safe whenever the driver doesn’t do crazy moves","It’s supposed to be making life easier but it’s often irritating ","Speed, comfort ","I agree as soon as robots are not humanoids "
"2020/09/26 6:25:40 am GMT","35-44","Male","Suburbs","Employed full-time","My own car","seldom","only when i drive because i have control","positively by being assited in driving","50%","i agree"
"2020/09/26 7:31:27 am GMT","35-44","Male","City/town","Employed full-time","My own car","Frequently ","Yes of course because I have the control of it.","It will make our life easier in terms of driving.","If we can fully trust the technology or what is being offered.","I think its true since we still need human in operating or maintaining them."
"2020/09/26 7:45:28 am GMT","35-44","Male","City/town","Employed full-time","Public transport (train, ferry, bus, subway)","Ise it all the tine. More convinient","Yes. Im in control","Save more time and efficient","Preferred to drive by own","Definitely yes, it help us a lot on our daily activities"
"2020/09/26 7:48:25 am GMT","18-24","Female","City/town","Student","Public transport (train, ferry, bus, subway)","I rarely use automated machines. I prefer to hand wash and clean my things. Nor do I own a Google Home machine ","No. I am okay with other people driving me. ","Na ","Na ","No they aren’t if they are it won’t be for a while "
"2020/09/26 9:11:23 am GMT","35-44","Male","Suburbs","Employed full-time","company car","most of the time, its convenient and it is trend now a days","Yes, its under my control","maybe in the future I will lost my job because everything will be done by robot","when I become old, not able to drive ","hopefully the robots are invented just to make a job more easier and lighter."
"2020/09/26 9:35:25 am GMT","35-44","Female","Suburbs","Student","My own car","I use Google home everyday. This device is my helping hand in my everyday tasks like turn on/off my AC, my tv, my music, and also gives knowledge to my kids, things they want to know.","Yes, i only feel safe when me and my partner drive.","It help me to keep pace with rapid advances in technology and provides solutions and services that will enable a digital transformation.","This can be difficult to know when to stop driving but if the automation programs are user friendly and safe, we can think about it.","I agree. For example: Automatic train operation is currently being implemented and promises to increase the capacity of the transit system by allowing more trains to operate concurrently."
"2020/09/26 9:54:40 am GMT","35-44","Female","City/town","Employed full-time","Public transport (train, ferry, bus, subway)","Always","Yes I feel i am in control","Greatly","If i feel safe","Agree"
"2020/09/26 9:59:05 am GMT","35-44","Male","City/town","Employed full-time","My own car","Frequently ","Yes of course because I have the control of it.","It will make our life easier in terms of driving.","If we can fully trust the technology or what is being offered.","I think its true since we still need human in operating or maintaining them."
"2020/09/26 10:04:09 am GMT","35-44","Male","City/town","Unemployed","My own car","Not using them","I feel safe if im driving","Make life simplier","Safety for all would be perfectly innovated in this technology then we would not worried of anything .","Agree. Perhaps will generate another type of job. "
"2020/09/26 11:41:05 am GMT","35-44","Female","Suburbs","Employed full-time","My own car","Sometimes","Sometimes since Im just a nee driver","Yes","Depends situation and my capabilities","Why not it’s a good option."
"2020/09/26 12:04:56 pm GMT","35-44","Male","City/town","Employed full-time","Public transport (train, ferry, bus, subway)","Everyday","Yes","Makes life easier","If every driver has no manners and discipline","Its a constant change to make job more easier"
"2020/09/26 12:47:06 pm GMT","35-44","Male","Suburbs","Student","Public transport (train, ferry, bus, subway)","It’s easier and more convenient ","Even my wife drive i can still feel safe","It will replace human to do the job in a different way. ","If I cannot afford to pay my petrol.","There is advantage and disadvantage but we cannot stop use technologies."
"2020/09/26 2:49:39 pm GMT","35-44","Male","City/town","Employed full-time","Bicycle","Often","Yes - for now as AI is still developing.","Most probably it will be widely use in the near future","Not yet. As long as there's no substantial evidence for safety. ","Agree, that would be the trend"
"2020/09/27 9:15:51 am GMT","35-44","Male","City/town","Employed full-time","Public transport (train, ferry, bus, subway)","Everyday","Mostly, don't know if I can trust a robot on the streets","Maybe public transport?","If everyone is in autonomous vehicles then it makes sense.","Helps us spend more time on the things that matter"
"2020/09/28 11:57:39 pm GMT","25-34","Male","Suburbs","Employed full-time","My own car","Maybe once a month , because I don’t use too much automatic things .","No , if I knew the drive I ll be fine .","In good way","I don’t think we can give up about drive . But the reason for that would be full automatic cars like Tesla ones .","I agree ."